<?xml version='1.0'?>
<kitManifest
   name="pricomp"
   checksum="b5cd6698"
   hasNatives="false"
   doc="true"
   version="1.2.28"
   vendor="Tridium"
   description="Priority array component"
   buildHost="VA51DT-BIGFOOT"
   buildTime="2013-03-06T10:27:51.210-05:00"
>

<!-- Dependencies -->
<depends>
  <depend on="sys 1.2.2+"/>
</depends>

<!-- pricomp::Prioritized -->
<type id="0" name="Prioritized" sizeof="48" flags="a" base="sys::Component">
  <slot id="0" name="sourceLevel" type="int" default="17">
    <facets>
      <bool name="summary" val="false"/>
      <str name="range" val="in0, emergency, in2, in3, in4, in5, in6, in7, override, in9, in10, in11, in12, in13, in14, in15, in16, fallback"/>
      <bool name="readonly" val="true"/>
    </facets>
  </slot>
  <slot id="1" name="overrideExpTime" type="long" default="0">
    <facets>
      <bool name="summary" val="false"/>
      <str name="unit" val="nanosecond"/>
      <bool name="readonly" val="true"/>
    </facets>
  </slot>
</type>

<!-- pricomp::PrioritizedBool -->
<type id="1" name="PrioritizedBool" sizeof="92" base="pricomp::Prioritized">
  <slot id="0" name="in1" type="bool" default="null">
    <facets>
      <bool name="summary" val="false"/>
      <bool name="readonly" val="true"/>
    </facets>
  </slot>
  <slot id="1" name="in2" type="bool" default="null">
    <facets>
      <bool name="summary" val="false"/>
    </facets>
  </slot>
  <slot id="2" name="in3" type="bool" default="null">
    <facets>
      <bool name="summary" val="false"/>
    </facets>
  </slot>
  <slot id="3" name="in4" type="bool" default="null">
    <facets>
      <bool name="summary" val="false"/>
    </facets>
  </slot>
  <slot id="4" name="in5" type="bool" default="null">
    <facets>
      <bool name="summary" val="false"/>
    </facets>
  </slot>
  <slot id="5" name="in6" type="bool" default="null">
    <facets>
      <bool name="summary" val="false"/>
      <bool name="readonly" val="true"/>
    </facets>
  </slot>
  <slot id="6" name="in7" type="bool" default="null">
    <facets>
      <bool name="summary" val="false"/>
    </facets>
  </slot>
  <slot id="7" name="in8" type="bool" default="null">
    <facets>
      <bool name="summary" val="false"/>
      <bool name="readonly" val="true"/>
    </facets>
  </slot>
  <slot id="8" name="in9" type="bool" default="null">
    <facets>
      <bool name="summary" val="false"/>
    </facets>
  </slot>
  <slot id="9" name="in10" type="bool" default="null">
    <facets>
      <bool name="summary" val="true"/>
    </facets>
  </slot>
  <slot id="10" name="in11" type="bool" default="null">
    <facets>
      <bool name="summary" val="false"/>
    </facets>
  </slot>
  <slot id="11" name="in12" type="bool" default="null">
    <facets>
      <bool name="summary" val="false"/>
    </facets>
  </slot>
  <slot id="12" name="in13" type="bool" default="null">
    <facets>
      <bool name="summary" val="false"/>
    </facets>
  </slot>
  <slot id="13" name="in14" type="bool" default="null">
    <facets>
      <bool name="summary" val="false"/>
    </facets>
  </slot>
  <slot id="14" name="in15" type="bool" default="null">
    <facets>
      <bool name="summary" val="false"/>
    </facets>
  </slot>
  <slot id="15" name="in16" type="bool" default="null">
    <facets>
      <bool name="summary" val="true"/>
    </facets>
  </slot>
  <slot id="16" name="fallback" type="bool" flags="c" default="null">
    <facets>
      <bool name="summary" val="false"/>
      <bool name="config" val="true"/>
    </facets>
  </slot>
  <slot id="17" name="out" type="bool">
    <facets>
      <bool name="summary" val="true"/>
      <bool name="readonly" val="true"/>
    </facets>
  </slot>
  <slot id="18" name="minActiveTime" type="int" flags="c" default="0">
    <facets>
      <bool name="summary" val="false"/>
      <str name="unit" val="millisecond"/>
      <bool name="config" val="true"/>
    </facets>
  </slot>
  <slot id="19" name="minInactiveTime" type="int" flags="c" default="0">
    <facets>
      <bool name="summary" val="false"/>
      <str name="unit" val="millisecond"/>
      <bool name="config" val="true"/>
    </facets>
  </slot>
  <slot id="20" name="emergencySetActive" type="void" flags="a"/>
  <slot id="21" name="emergencySetInactive" type="void" flags="a"/>
  <slot id="22" name="emergencyAuto" type="void" flags="a"/>
  <slot id="23" name="manualSetActive" type="int" flags="a"/>
  <slot id="24" name="manualSetInactive" type="int" flags="a"/>
  <slot id="25" name="manualAuto" type="void" flags="a"/>
</type>

<!-- pricomp::PrioritizedFloat -->
<type id="2" name="PrioritizedFloat" sizeof="120" base="pricomp::Prioritized">
  <slot id="0" name="in1" type="float" default="null">
    <facets>
      <bool name="summary" val="false"/>
      <bool name="readonly" val="true"/>
    </facets>
  </slot>
  <slot id="1" name="in2" type="float" default="null">
    <facets>
      <bool name="summary" val="false"/>
    </facets>
  </slot>
  <slot id="2" name="in3" type="float" default="null">
    <facets>
      <bool name="summary" val="false"/>
    </facets>
  </slot>
  <slot id="3" name="in4" type="float" default="null">
    <facets>
      <bool name="summary" val="false"/>
    </facets>
  </slot>
  <slot id="4" name="in5" type="float" default="null">
    <facets>
      <bool name="summary" val="false"/>
    </facets>
  </slot>
  <slot id="5" name="in6" type="float" default="null">
    <facets>
      <bool name="summary" val="false"/>
    </facets>
  </slot>
  <slot id="6" name="in7" type="float" default="null">
    <facets>
      <bool name="summary" val="false"/>
    </facets>
  </slot>
  <slot id="7" name="in8" type="float" default="null">
    <facets>
      <bool name="summary" val="false"/>
      <bool name="readonly" val="true"/>
    </facets>
  </slot>
  <slot id="8" name="in9" type="float" default="null">
    <facets>
      <bool name="summary" val="false"/>
    </facets>
  </slot>
  <slot id="9" name="in10" type="float" default="null">
    <facets>
      <bool name="summary" val="true"/>
    </facets>
  </slot>
  <slot id="10" name="in11" type="float" default="null">
    <facets>
      <bool name="summary" val="false"/>
    </facets>
  </slot>
  <slot id="11" name="in12" type="float" default="null">
    <facets>
      <bool name="summary" val="false"/>
    </facets>
  </slot>
  <slot id="12" name="in13" type="float" default="null">
    <facets>
      <bool name="summary" val="false"/>
    </facets>
  </slot>
  <slot id="13" name="in14" type="float" default="null">
    <facets>
      <bool name="summary" val="false"/>
    </facets>
  </slot>
  <slot id="14" name="in15" type="float" default="null">
    <facets>
      <bool name="summary" val="false"/>
    </facets>
  </slot>
  <slot id="15" name="in16" type="float" default="null">
    <facets>
      <bool name="summary" val="true"/>
    </facets>
  </slot>
  <slot id="16" name="fallback" type="float" flags="c" default="null">
    <facets>
      <bool name="summary" val="false"/>
      <bool name="config" val="true"/>
    </facets>
  </slot>
  <slot id="17" name="out" type="float">
    <facets>
      <bool name="summary" val="true"/>
      <bool name="readonly" val="true"/>
    </facets>
  </slot>
  <slot id="18" name="emergencySet" type="float" flags="a"/>
  <slot id="19" name="emergencyAuto" type="void" flags="a"/>
  <slot id="20" name="manualSet" type="long" flags="a"/>
  <slot id="21" name="manualAuto" type="void" flags="a"/>
</type>

<!-- pricomp::PrioritizedInt -->
<type id="3" name="PrioritizedInt" sizeof="120" base="pricomp::Prioritized">
  <slot id="0" name="in1" type="int" default="-2147483648">
    <facets>
      <bool name="summary" val="false"/>
      <bool name="readonly" val="true"/>
    </facets>
  </slot>
  <slot id="1" name="in2" type="int" default="-2147483648">
    <facets>
      <bool name="summary" val="false"/>
    </facets>
  </slot>
  <slot id="2" name="in3" type="int" default="-2147483648">
    <facets>
      <bool name="summary" val="false"/>
    </facets>
  </slot>
  <slot id="3" name="in4" type="int" default="-2147483648">
    <facets>
      <bool name="summary" val="false"/>
    </facets>
  </slot>
  <slot id="4" name="in5" type="int" default="-2147483648">
    <facets>
      <bool name="summary" val="false"/>
    </facets>
  </slot>
  <slot id="5" name="in6" type="int" default="-2147483648">
    <facets>
      <bool name="summary" val="false"/>
    </facets>
  </slot>
  <slot id="6" name="in7" type="int" default="-2147483648">
    <facets>
      <bool name="summary" val="false"/>
    </facets>
  </slot>
  <slot id="7" name="in8" type="int" default="-2147483648">
    <facets>
      <bool name="summary" val="false"/>
      <bool name="readonly" val="true"/>
    </facets>
  </slot>
  <slot id="8" name="in9" type="int" default="-2147483648">
    <facets>
      <bool name="summary" val="false"/>
    </facets>
  </slot>
  <slot id="9" name="in10" type="int" default="-2147483648">
    <facets>
      <bool name="summary" val="true"/>
    </facets>
  </slot>
  <slot id="10" name="in11" type="int" default="-2147483648">
    <facets>
      <bool name="summary" val="false"/>
    </facets>
  </slot>
  <slot id="11" name="in12" type="int" default="-2147483648">
    <facets>
      <bool name="summary" val="false"/>
    </facets>
  </slot>
  <slot id="12" name="in13" type="int" default="-2147483648">
    <facets>
      <bool name="summary" val="false"/>
    </facets>
  </slot>
  <slot id="13" name="in14" type="int" default="-2147483648">
    <facets>
      <bool name="summary" val="false"/>
    </facets>
  </slot>
  <slot id="14" name="in15" type="int" default="-2147483648">
    <facets>
      <bool name="summary" val="false"/>
    </facets>
  </slot>
  <slot id="15" name="in16" type="int" default="-2147483648">
    <facets>
      <bool name="summary" val="true"/>
    </facets>
  </slot>
  <slot id="16" name="fallback" type="int" flags="c" default="-2147483648">
    <facets>
      <bool name="summary" val="false"/>
      <bool name="config" val="true"/>
    </facets>
  </slot>
  <slot id="17" name="out" type="int">
    <facets>
      <bool name="summary" val="true"/>
      <bool name="readonly" val="true"/>
    </facets>
  </slot>
  <slot id="18" name="emergencySet" type="int" flags="a"/>
  <slot id="19" name="emergencyAuto" type="void" flags="a"/>
  <slot id="20" name="manualSet" type="long" flags="a"/>
  <slot id="21" name="manualAuto" type="void" flags="a"/>
</type>

</kitManifest>
