<!--
  -  Sedona Dir
  -  Copyright (c) 2007 Tridium, Inc.
  -  Licensed under the Academic Free License version 3.0
  -->

<sedonaDir>

  <!-- Children Kits -->
  <target name="sys" />
  <target name="inet" />
  <target name="sox" />
  <target name="soxcert" />
  <target name="serial" />
  <target name="web" />
  <target name="control" />
  <target name="driver" />
  <target name="datetime" />
  <target name="datetimeStd" />
  <target name="basicSchedule" />
  <target name="pstore" />
  <target name="logManager" />
  <target name="../platforms/src/generic/win32" />
  <target name="../platforms/src/generic/unix" />

  <!-- modular versions of the control kit -->
  <target name="types" />
  <target name="func" />
  <target name="hvac" />
  <target name="logic" />
  <target name="math" />
  <target name="timing" />
  <target name="pricomp" />

</sedonaDir>

