<!--
  -  Sedona SCode manifest for a generic unix platform
  -->

<sedonaCode
   endian="little"
   blockSize="4"
   refSize="4"
   main="sys::Sys.main"
   debug="true"
   test="true"
>

  <!-- Kits -->
  <depend on="sys 1.2" />
  <depend on="sox 1.2" />
  <depend on="inet 1.2" />
  <depend on="web 1.2" />
  <!-- Deprecated as of 1.2
  <depend on="control 1.0" />
  -->
  <depend on="pstore 1.2" />
  <depend on="datetime 1.2" />
  <depend on="datetimeStd 1.2" />
  <depend on="basicSchedule 1.2" />
  <depend on="platUnix 1.2" />

  <!-- These replace control kit as of 1.2 -->
  <depend on="func 1.2"    />
  <depend on="hvac 1.2"    />
  <depend on="logic 1.2"   />
  <depend on="math 1.2"    />
  <depend on="timing 1.2"  />
  <depend on="types 1.2"   />

</sedonaCode>

