<?xml version='1.0'?>
<kitManifest
   name="platWin32"
   checksum="3746c8c1"
   hasNatives="true"
   doc="true"
   version="1.2.28"
   vendor="Tridium"
   description="Platform support for Windows based devices"
   buildHost="VA51DT-BIGFOOT"
   buildTime="2013-03-06T10:27:49.913-05:00"
>

<!-- Dependencies -->
<depends>
  <depend on="sys 1.0+"/>
</depends>

<!-- platWin32::Win32PlatformService -->
<type id="0" name="Win32PlatformService" sizeof="212" base="sys::PlatformService">
</type>

<!-- platWin32::Win32HibPlatformService -->
<type id="1" name="Win32HibPlatformService" sizeof="212" base="platWin32::Win32PlatformService">
</type>

<!-- platWin32::Win32WdftPlatformService -->
<type id="2" name="Win32WdftPlatformService" sizeof="212" base="platWin32::Win32PlatformService">
</type>

<!-- platWin32::Win32YieldPlatformService -->
<type id="3" name="Win32YieldPlatformService" sizeof="212" base="platWin32::Win32PlatformService">
</type>

</kitManifest>
