<?xml version='1.0'?>
<toc>

<section name="Getting Started">
  <chapter name="Introduction" href="intro.html" blurb="introduction to the Sedona Framework"/>
  <chapter name="Setup" href="setup.html" blurb="getting your development environment setup"/>
  <chapter name="Architecture" href="architecture.html" blurb="the big picture"/>
  <chapter name="Tutorial" href="tutorial.html" blurb="step by step walk thru example"/>
  <chapter name="New for 1.2" href="newFor12.html" blurb="New features in Sedona Framework 1.2"/>
</section>

<section name="Sedona Language">
  <chapter name="Language" href="lang.html" blurb="overview of the Sedona language"/>
  <chapter name="Primitives" href="primitives.html" blurb="basic built-in types"/>
  <chapter name="Expressions" href="expr.html" blurb="review of expression constructs"/>
  <chapter name="Statements" href="stmt.html" blurb="review of statement constructs"/>
  <chapter name="Classes" href="classes.html" blurb="class types"/>
  <chapter name="Fields" href="fields.html" blurb="field slots"/>
  <chapter name="Methods" href="methods.html" blurb="method slots"/>
  <chapter name="Components" href="components.html" blurb="the Sedona Framework component model"/>
  <chapter name="Reflection" href="reflection.html" blurb="the Sedona Framework reflection APIs"/>
  <chapter name="Arrays" href="arrays.html" blurb="how arrays work"/>
  <chapter name="Memory" href="memory.html" blurb="how memory is laid out and utilized"/>
  <chapter name="Native Methods" href="nativeMethods.html" blurb="binding APIs to native implementations written in C"/>
  <chapter name="Logging" href="logging.html" blurb="how to embed logging into Sedona code"/>
</section>

<section name="Apps">
  <chapter name="Apps" href="apps.html" blurb="the Sedona Framework application model"/>
  <chapter name="Security" href="security.html" blurb="the Sedona Framework's security model"/>
</section>

<section name="Deployment">
  <chapter name="Kits" href="kits.html" blurb="unit of modularity, versioning, and dependencies"/>
  <chapter name="Schema" href="schema.html" blurb="manifests: type meta-data and schemas"/>
</section>

<section name="Sedona Framework Platforms">
  <chapter name="Platform Definition" href="platDef.html" blurb="the platform definition XML file" />
  <chapter name="Platform Archive" href="par.html" blurb="metadata about a unique Sedona Framework platform" />
  <chapter name="Platform Tutorial" href="platTutorial.html" blurb="how to create a Sedona platform" />
  <chapter name="Sedona Device Simulator" href="deviceSim.html" blurb="creating special Sedona VMs that run apps for other platforms" />
  <chapter name="Sedona Framework Certified Platforms" href="platCertified.html" blurb="creating platforms that pass Sedona Framework certification" />
</section>

<section name="Development">
  <chapter name="Sedonac" href="sedonac.html" blurb="command line sedonac tool"/>
  <chapter name="Testing" href="testing.html" blurb="how to use the built-in test harness"/>
  <chapter name="Porting" href="porting.html" blurb="how to port the SVM to new platforms"/>
  <chapter name="Niagara AX" href="niagara.html" blurb="how to integrate Sedona components with the Niagara AX Framework"/>
</section>

<section name="Networking">
  <chapter name="Networking" href="networking.html" blurb="Overview of network communications"/>
  <chapter name="DASP" href="dasp.html" blurb="Datagram Authenticated Session Protocol"/>
  <chapter name="Sox" href="sox.html" blurb="Sox protocol: provisioning and configuration"/>
  <chapter name="Device Discovery" href="discover.html" blurb="Sedona device discovery using DASP"/>
</section>  

<section name="Appendix">
  <chapter name="License" href="license.html" blurb="Academic Free License 3.0"/>
  <chapter name="Conventions" href="conventions.html" blurb="Coding conventions"/>
  <chapter name="SCode Format" href="scodeFormat.html" blurb="reference for scode image binary format"/>
  <chapter name="Sedona Grammar" href="grammar.html" blurb="Sedona language grammar" />
</section>

</toc>
